weighting,habitat,year,median,quantile0.05,quantile0.95,quantile0.025,quantile0.975,n,sd,mean,lower_ci_95,upper_ci_95
CM,Forest,1960,4.635008820727368,4.585598794698658,4.679190416574527,4.577496886552149,4.688852903628361,500,0.0287142663064716,4.634259153425367,4.631742237011063,4.63677606983967
CM,Grassland,1960,4.518281712929372,4.431377616982027,4.607990536643681,4.420034356694257,4.628035990535128,500,0.05351586333851685,4.5179381713087885,4.513247299063448,4.522629043554129
CM,Scrub,1960,4.431864396248593,4.328656774448644,4.539439925817173,4.314490087104345,4.567177203291346,500,0.06260701210735764,4.432853713200814,4.427365966631157,4.43834145977047
CM,Wetland,1960,6.901235889036933,6.815242211237545,6.995973392741753,6.788708648375115,7.0121126088856744,500,0.05684459751027619,6.902464104862928,6.897481456202814,6.907446753523042
CM,Forest,1961,4.624502987969038,4.573867578393109,4.668339145998921,4.565566010162556,4.676431834377796,500,0.028583095183217656,4.624731371099738,4.622225952341327,4.6272367898581495
CM,Grassland,1961,4.524496124294888,4.440323034690659,4.609014240803638,4.42886331162729,4.6276101046480855,500,0.05307940735809559,4.524282971076974,4.519630355885096,4.528935586268852
CM,Scrub,1961,4.43388093880869,4.335419141642801,4.547043340471133,4.3236177712353125,4.569548116476567,500,0.06362875483251075,4.435012106761144,4.429434800492881,4.440589413029407
CM,Wetland,1961,6.911647694703875,6.817276991506873,6.999464120130477,6.801442973272114,7.0150384417018525,500,0.055682572013156226,6.910571079880039,6.905690287245648,6.91545187251443
CM,Forest,1962,4.622057938994816,4.576289503975693,4.667212907069554,4.566847260516877,4.677265885553593,500,0.027768905412989195,4.623340364947548,4.620906313069112,4.625774416825985
CM,Grassland,1962,4.529801464370679,4.45239237463897,4.620352395438478,4.438356016782844,4.634061968641642,500,0.0513309869688218,4.532794818035346,4.52829545864774,4.537294177422952
CM,Scrub,1962,4.4398707603488745,4.335447950229632,4.544084129836081,4.321187567044405,4.5810874673068644,500,0.06409159889554598,4.439493502906296,4.433875626567146,4.4451113792454455
CM,Wetland,1962,6.937460949229173,6.8460231187701615,7.022922425404422,6.821629403416859,7.039692809405968,500,0.054882499359684984,6.933959994970783,6.929149331796523,6.938770658145042
CM,Forest,1963,4.61933305195708,4.573577359991811,4.6648260544200015,4.564011404101917,4.670438691318747,500,0.027288411141354788,4.6197170110919235,4.61732507639337,4.622108945790477
CM,Grassland,1963,4.533388512975323,4.450354935419973,4.615168933534521,4.437770855435955,4.634036089810117,500,0.05027152550597371,4.533077032188835,4.5286705386929675,4.537483525684703
CM,Scrub,1963,4.4394347475376374,4.343667818115537,4.547129340552699,4.322348196859773,4.573170082276119,500,0.061850953113947345,4.4409557006756595,4.4355342255987305,4.4463771757525885
CM,Wetland,1963,6.945195764263211,6.8460062029584465,7.030081765323342,6.825768681749132,7.048165545043867,500,0.0548878258976837,6.941352218579873,6.936541088513972,6.946163348645773
CM,Forest,1964,4.606969723208965,4.564171510379506,4.647373595296988,4.55834202189941,4.658436957125145,500,0.026593591855376866,4.6071494907784984,4.604818459675641,4.6094805218813555
CM,Grassland,1964,4.548615325850412,4.46729971490325,4.623038625133076,4.455090143123178,4.647378005101345,500,0.04850188995432461,4.54631723983685,4.542065861736226,4.550568617937474
CM,Scrub,1964,4.441207894251361,4.347261465168403,4.544547624682543,4.330621069558419,4.576616602067901,500,0.059812475987908766,4.444003795435205,4.438761000756513,4.449246590113898
CM,Wetland,1964,6.95458231288264,6.863496560081368,7.0402384528842825,6.841260962381997,7.05853072680849,500,0.05408707592095731,6.952094451904388,6.947353510668621,6.956835393140156
CM,Forest,1965,4.601118324056868,4.56042279898109,4.644307006929214,4.554399769294331,4.6550673028448,500,0.02572128775478579,4.601791031933136,4.599536461655905,4.604045602210366
CM,Grassland,1965,4.5578083617232945,4.479642938916565,4.637014239818495,4.471838206940326,4.655728885900377,500,0.047878603805208586,4.55909473897159,4.554897994310761,4.563291483632418
CM,Scrub,1965,4.4485367517176915,4.362921373139758,4.557554727970048,4.333993724774887,4.587551165738355,500,0.0623208192072593,4.454344833959024,4.448882173303117,4.459807494614932
CM,Wetland,1965,6.957172726882311,6.8632281360812435,7.045040892401321,6.845673804674131,7.051734838120408,500,0.05478402868477411,6.9560521444275425,6.951250112588501,6.960854176266584
CM,Forest,1966,4.602594906585782,4.564559412994883,4.648395607046797,4.556428273831603,4.657779446177955,500,0.02502502126298033,4.603803727541222,4.601610187712872,4.605997267369572
CM,Grassland,1966,4.5663533467906605,4.489659100308732,4.639733194690749,4.478071542343491,4.665215360781339,500,0.0476528676906564,4.5663829135822995,4.562205955564318,4.570559871600281
CM,Scrub,1966,4.4540444398164585,4.366978956083489,4.571376479503093,4.341634923535539,4.595992986379259,500,0.06194260802701324,4.459898444588223,4.454468935603944,4.465327953572502
CM,Wetland,1966,6.971166223889247,6.895297395427978,7.048379617256002,6.868659809700047,7.059316333681037,500,0.048519852645565575,6.970474720737409,6.966221768137477,6.97472767333734
CM,Forest,1967,4.608783278192121,4.569808435695839,4.650881596666045,4.563949517760381,4.6592297323112675,500,0.02414450063023547,4.608351954415369,4.606235595623443,4.610468313207295
CM,Grassland,1967,4.570396131156464,4.496392377025016,4.646894626634401,4.485839828289313,4.658204998062255,500,0.04579493958268793,4.570765487726439,4.56675138428749,4.574779591165389
CM,Scrub,1967,4.464774881128269,4.37341065067907,4.574699377206768,4.35694726993054,4.605943747777006,500,0.061620350230023255,4.468925968853332,4.463524707010395,4.47432723069627
CM,Wetland,1967,6.977145165705474,6.895429479322569,7.057374056581069,6.877215063854871,7.073507691675563,500,0.04982145127804852,6.975804870870229,6.971437828119849,6.98017191362061
CM,Forest,1968,4.610366414273708,4.569367662600925,4.6533169418553815,4.555585577915892,4.667609814498648,500,0.02649705708323121,4.610467090790522,4.608144521333523,4.61278966024752
CM,Grassland,1968,4.567229257448531,4.4947448122088725,4.646209446151173,4.4798612509610605,4.65906064598301,500,0.045175896391877995,4.568742456489003,4.564782614578156,4.572702298399851
CM,Scrub,1968,4.4655257329735445,4.382688943803246,4.576034981225672,4.37007904639171,4.619572483243791,500,0.05966183451610229,4.470408890618502,4.465179300247001,4.475638480990004
CM,Wetland,1968,6.9722669399479695,6.885507228989449,7.054144471074588,6.875352312810089,7.0680833857340986,500,0.050781509811296865,6.972004312973542,6.9675531173823675,6.976455508564717
CM,Forest,1969,4.6093266694794055,4.5675865891176,4.6476722518765365,4.5592490161718855,4.656061124426895,500,0.024928810639303453,4.609049846264961,4.606864739669603,4.611234952860319
CM,Grassland,1969,4.575548485440812,4.504711894589386,4.650117290201866,4.4931910067075345,4.666924619314981,500,0.043412339970960355,4.576096908693677,4.572291649318771,4.579902168068584
CM,Scrub,1969,4.462096188355108,4.3840170769659315,4.569027747060081,4.36421846552367,4.601232803658142,500,0.05888974322863131,4.46696290639188,4.461800992805641,4.47212481997812
CM,Wetland,1969,6.963381640841288,6.8775616208496535,7.039426109388629,6.864688823807626,7.060799574443304,500,0.05104500020520401,6.96168817045418,6.957213878911664,6.966162461996697
CM,Forest,1970,4.604400548105201,4.565198898097323,4.640486561447985,4.556661364014603,4.649070581187896,500,0.02356471278567518,4.603560367271728,4.601494829125094,4.6056259054183615
CM,Grassland,1970,4.569240583196568,4.499871894770583,4.63626622611184,4.488440618896432,4.658946648025106,500,0.04298906523526786,4.569810371494822,4.566042213786337,4.573578529203307
CM,Scrub,1970,4.456849472884013,4.3815499578698685,4.562795045171321,4.364618526877809,4.592780084305229,500,0.05754221683853784,4.462181275164626,4.457137477474288,4.467225072854965
CM,Wetland,1970,6.958049023452108,6.861464758750994,7.03351924602307,6.847422086979725,7.040503526559025,500,0.051102272411135526,6.953337596255479,6.948858284582771,6.957816907928187
CM,Forest,1971,4.6003918804873685,4.564795005196993,4.633654452277414,4.560583883204888,4.640104846215115,500,0.02101483256536457,4.599303513558956,4.5974614822682005,4.601145544849712
CM,Grassland,1971,4.559223584500836,4.494066288664048,4.62875724724409,4.4803584157509455,4.639645763261758,500,0.04205028877153012,4.5603673991876414,4.556681528864309,4.564053269510974
CM,Scrub,1971,4.459416137353269,4.382043747149579,4.561530714650844,4.369951042294171,4.58744942602559,500,0.056376673242415375,4.462540567199871,4.45759893391023,4.467482200489512
CM,Wetland,1971,6.9462915908185545,6.848937733579748,7.023719297999499,6.8259490220099295,7.031674025784091,500,0.05287737036705641,6.942209616235224,6.937574710366427,6.946844522104021
CM,Forest,1972,4.599451024826488,4.563181230527438,4.635495818407846,4.5545304847504635,4.642431576253646,500,0.022684421802368664,4.599483011462974,4.597494634223104,4.601471388702844
CM,Grassland,1972,4.557610188785014,4.48950339698896,4.63015714479829,4.480005865805858,4.638527761633223,500,0.04227171757806364,4.558998295424587,4.555293016010602,4.562703574838571
CM,Scrub,1972,4.4583596285184015,4.379211510277579,4.560292161021166,4.368755223585734,4.594062483046423,500,0.05636903060393652,4.463739269280085,4.458798305897243,4.468680232662926
CM,Wetland,1972,6.940915235414009,6.835353342982189,7.012026339193494,6.806140626448764,7.024437763877717,500,0.05547533158906323,6.933407543390184,6.928544916179891,6.938270170600478
CM,Forest,1973,4.5954674191394,4.561380701677598,4.628427981955388,4.555160693689926,4.632644444497766,500,0.02011297491638768,4.594638323771982,4.592875343789585,4.59640130375438
CM,Grassland,1973,4.556586618735442,4.491555191551062,4.626286019835658,4.474056343530256,4.637483237120573,500,0.04077619467019688,4.557386300873739,4.553812109822403,4.5609604919250755
CM,Scrub,1973,4.454003157730661,4.377243119204494,4.539645568792448,4.359658101660554,4.557569832455281,500,0.049854496716083885,4.455414680765663,4.451044741454927,4.459784620076398
CM,Wetland,1973,6.931410993494734,6.822221736235192,7.011842406912109,6.79707056389447,7.02747055640665,500,0.060422308675238325,6.926076242057407,6.920779993186839,6.931372490927975
CM,Forest,1974,4.593869806084342,4.561667630248011,4.623402630995224,4.555809767642729,4.629054181745126,500,0.019327884960344044,4.5929428446256075,4.591248680812009,4.594637008439206
CM,Grassland,1974,4.553387749801621,4.488289601785961,4.622590748068106,4.47241438745951,4.632258164039182,500,0.039805041414664885,4.554605678750068,4.551116613034813,4.558094744465324
CM,Scrub,1974,4.4512940496075855,4.380741723743662,4.528360653171653,4.355003666051553,4.544471446157969,500,0.047157476093500586,4.451288120577484,4.447154585547542,4.4554216556074255
CM,Wetland,1974,6.915955169487247,6.798112360669831,7.010191929486435,6.78493486990882,7.023249434480942,500,0.06332714496133746,6.9122403772722105,6.906689508274793,6.917791246269628
CM,Forest,1975,4.593501275332864,4.563978363430896,4.625902811424458,4.5558911477036315,4.631071812100441,500,0.019172396421224747,4.593916955073455,4.592236420431229,4.595597489715681
CM,Grassland,1975,4.547695856962556,4.484872265564653,4.612848867084083,4.473822260624538,4.630616992685544,500,0.039135136287360296,4.547103235328751,4.543672889386898,4.550533581270604
CM,Scrub,1975,4.446119969043152,4.378636971996767,4.521676469993705,4.363868712533959,4.54006783276728,500,0.04567188257950492,4.4483073032622755,4.444303986245235,4.452310620279316
CM,Wetland,1975,6.910043518476787,6.804976041513754,7.007190209951704,6.784657255288853,7.025216842448193,500,0.05988834610423497,6.911142192221366,6.905892747233761,6.916391637208971
CM,Forest,1976,4.593571530666782,4.558891415402166,4.623762922340762,4.553738013125685,4.627187130408142,500,0.019140254202932146,4.593327536830781,4.591649819578209,4.595005254083353
CM,Grassland,1976,4.544480332635866,4.483533070937151,4.610967219145041,4.474646389901322,4.626474440512728,500,0.03962338158743618,4.546099633658613,4.542626491129278,4.549572776187947
CM,Scrub,1976,4.445237902434471,4.374041637706703,4.5182901620994365,4.356910142117231,4.529788105393607,500,0.044638257557137115,4.444537642462073,4.440624926672913,4.448450358251233
CM,Wetland,1976,6.868736385881414,6.752751236081085,6.960259196408518,6.724658766531454,6.983542056802019,500,0.06448191758465067,6.864415571035855,6.858763481755133,6.870067660316577
CM,Forest,1977,4.595795957288677,4.5629027469322585,4.627589728102488,4.556219577267081,4.63669129987851,500,0.019967872478829085,4.595685311510871,4.5939350503179055,4.597435572703836
CM,Grassland,1977,4.549800900343138,4.484378491328736,4.616127508981669,4.47834724617639,4.631264613573238,500,0.039461897908659775,4.5486229070585935,4.545163919197793,4.552081894919394
CM,Scrub,1977,4.442470044006041,4.3708774472861025,4.515126546032974,4.357744837277112,4.524425647528853,500,0.04458879687504011,4.441308987349878,4.437400606980655,4.4452173677191
CM,Wetland,1977,6.8854528611455175,6.79192273814212,6.973540956972359,6.763582927111674,6.994713762754893,500,0.058146776469989926,6.882863528876745,6.877766739198257,6.8879603185552325
CM,Forest,1978,4.599457612990979,4.567156042419364,4.630411264389263,4.5620286905316245,4.638034565015859,500,0.0197628069682858,4.600229987304178,4.598497700895732,4.601962273712624
CM,Grassland,1978,4.542825441411425,4.482632494348595,4.609768503721779,4.468477894164778,4.624962441867741,500,0.04027284924551312,4.544212407261291,4.540682336381717,4.547742478140866
CM,Scrub,1978,4.444155048737244,4.378447045531879,4.51630669105402,4.363334622327551,4.5336669490848625,500,0.04443287338151607,4.443704793506367,4.4398100804339515,4.447599506578782
CM,Wetland,1978,6.868840272663514,6.784462546895873,6.942139411941495,6.769719697411201,6.955772932301864,500,0.04859911859154158,6.8673482377339825,6.863088337167546,6.871608138300419
CM,Forest,1979,4.602223605830931,4.569370998667687,4.635098201415355,4.562375995948591,4.641074385610496,500,0.019785518401725908,4.602657560085768,4.600923282932407,4.604391837239128
CM,Grassland,1979,4.537302103811468,4.466429290063924,4.609217144342872,4.446319332564914,4.622360404696488,500,0.04371343801093556,4.538155093515997,4.534323441734228,4.541986745297766
CM,Scrub,1979,4.4492869893627205,4.376130494748397,4.534916210326782,4.361972110825491,4.555066012663573,500,0.051730806909263495,4.45165934706434,4.447124941913763,4.456193752214918
CM,Wetland,1979,6.87916036460933,6.806090635306676,6.941008879633382,6.792339533856236,6.961046108077756,500,0.043364453461185525,6.875918350056878,6.872117288119622,6.8797194119941345
CM,Forest,1980,4.6052147823267156,4.5739542419062404,4.637406505017647,4.566060047047815,4.642532991660874,500,0.01957742885842259,4.6050679494367674,4.603351912136085,4.60678398673745
CM,Grassland,1980,4.551407863917527,4.493072818695742,4.628723169934739,4.473537161229043,4.642357245142891,500,0.04316415534295473,4.555309976807525,4.5515264717744275,4.559093481840622
CM,Scrub,1980,4.45256912595173,4.3831999204493295,4.5342366318858005,4.3680006044338615,4.554877598626986,500,0.046811716524906156,4.4533085312069085,4.449205303339418,4.457411759074399
CM,Wetland,1980,6.880270066998033,6.81032601136044,6.935778547256156,6.798106008830415,6.9515459019200945,500,0.03893376593054938,6.878497848268666,6.875085153216828,6.881910543320505
CM,Forest,1981,4.605902061404578,4.573989685555321,4.6379136052701915,4.56534956888216,4.647437403542458,500,0.020337219744387805,4.606247470665784,4.60446483475757,4.608030106573999
CM,Grassland,1981,4.567541974738175,4.5027665174204525,4.640418965170344,4.4931447515339595,4.651983080603843,500,0.04151027357666418,4.569568552172306,4.565930016267811,4.573207088076802
CM,Scrub,1981,4.457817954936891,4.392436809646346,4.53990336562223,4.374156566809698,4.559330958387424,500,0.045520015326228444,4.461317915092767,4.457327909827401,4.465307920358133
CM,Wetland,1981,6.876822570910685,6.81798633911082,6.937364021110813,6.809285278224369,6.947570966646385,500,0.035443256204275235,6.8767999000588524,6.873693161674358,6.879906638443347
CM,Forest,1982,4.610462053669223,4.579791679120653,4.641263292056106,4.573893025821874,4.648609500801959,500,0.01947124587163686,4.610137839308342,4.608431109356818,4.6118445692598655
CM,Grassland,1982,4.5597585431392655,4.495127627500066,4.629154789160495,4.483539270518083,4.651231989466716,500,0.04266850523521411,4.561460820595073,4.557720761209467,4.565200879980679
CM,Scrub,1982,4.457146291816424,4.39176531019948,4.545396967670651,4.376666616098737,4.5585194857786355,500,0.045204851487857606,4.460134431430473,4.456172051493559,4.464096811367386
CM,Wetland,1982,6.879887758735922,6.8209258575654195,6.929282576273824,6.814777702691947,6.938495804783739,500,0.03294718196476544,6.878805759187094,6.875917811356316,6.881693707017873
CM,Forest,1983,4.61090303679291,4.580049391098325,4.641352041964384,4.5734802994212105,4.647684790736046,500,0.018938592116836482,4.611383911448968,4.60972387065761,4.613043952240326
CM,Grassland,1983,4.547651844474169,4.482151771131941,4.615808246587195,4.474063412382072,4.630336413704565,500,0.042118072021720965,4.550035800944449,4.5463439891572746,4.553727612731623
CM,Scrub,1983,4.4515590649517724,4.381780259164167,4.540849680649529,4.372628507500817,4.554654783047101,500,0.045264091334557534,4.453286282571017,4.449318710032594,4.457253855109439
CM,Wetland,1983,6.878044759776751,6.81773296558833,6.932533834124689,6.808700134716545,6.940929797315432,500,0.03378095603766331,6.877203123433233,6.874242092082663,6.880164154783803
CM,Forest,1984,4.610093218235365,4.581743436155291,4.642527876501272,4.57322174097102,4.648872483731909,500,0.018916506127448156,4.610369305007212,4.608711200138179,4.612027409876244
CM,Grassland,1984,4.5367329608411655,4.464989174511365,4.606776937280797,4.448678088614149,4.6240504877658015,500,0.0453127583985996,4.535592815489433,4.531620977094763,4.539564653884103
CM,Scrub,1984,4.441719901731627,4.376823445666378,4.522924056029896,4.357395340110932,4.541446314557321,500,0.04629633816048673,4.444030136296701,4.439972083334643,4.448088189258758
CM,Wetland,1984,6.876240960808426,6.816824608948469,6.930604056075489,6.802330566717386,6.939967512254325,500,0.03532946074632097,6.876237876627495,6.873141112854677,6.879334640400312
CM,Forest,1985,4.614740511591243,4.584397441358541,4.645981610798439,4.579579893667541,4.648811437180089,500,0.018852447454797493,4.614547462120533,4.612894972241727,4.616199951999339
CM,Grassland,1985,4.553512353920935,4.490391768606764,4.618544913662963,4.481561486868852,4.6372172359190635,500,0.03904550148023359,4.554681037322896,4.551258548218302,4.558103526427491
CM,Scrub,1985,4.4465421184138165,4.385410599090117,4.518751016802485,4.376575350446564,4.5416912417669675,500,0.04265881038852229,4.44840973443613,4.444670524841304,4.452148944030957
CM,Wetland,1985,6.876743654596645,6.812573354209255,6.927582216884253,6.792290241140306,6.934550952083286,500,0.03648567652163212,6.873585660053072,6.8703875494991005,6.876783770607044
CM,Forest,1986,4.615554612813612,4.585132824648436,4.646268233780263,4.5799136709263415,4.651608215016312,500,0.01855615753482461,4.615654158104335,4.614027639182092,4.617280677026578
CM,Grassland,1986,4.559701251732461,4.501027383095727,4.624733585888886,4.492489323409936,4.638439574547929,500,0.03756398526482586,4.559833866756908,4.556541238274237,4.56312649523958
CM,Scrub,1986,4.446319540279877,4.386871502070048,4.52143815682247,4.376927511602076,4.539977330020289,500,0.04126705992114896,4.448134392331994,4.444517175044356,4.451751609619632
CM,Wetland,1986,6.8781665060462664,6.824729420461885,6.929023340205882,6.8104528408362945,6.937997763708452,500,0.032291249481454176,6.876800386977016,6.8739699341633935,6.8796308397906385
CM,Forest,1987,4.621131020686706,4.590799611998015,4.652068019683818,4.586309905900729,4.657432669748953,500,0.018430095466063546,4.621407844791421,4.619792375696699,4.623023313886144
CM,Grassland,1987,4.565405451167139,4.507828671841669,4.636352969840965,4.500175056089134,4.650353618947989,500,0.038727264716465856,4.56597975783032,4.562585163407965,4.569374352252675
CM,Scrub,1987,4.447401291372898,4.390114680759016,4.519769788578065,4.381855175522665,4.538794276357489,500,0.04062330321779226,4.450411888473504,4.446851098948854,4.453972677998155
CM,Wetland,1987,6.875209925679529,6.82660071368358,6.928543195846881,6.8154609084118425,6.938118507410483,500,0.03149481042406679,6.876036480930164,6.873275839077934,6.8787971227823945
CM,Forest,1988,4.632385749105216,4.601017643064114,4.661624411281753,4.595090854095243,4.669106162194668,500,0.0191808289125733,4.631644330055326,4.629963056272644,4.633325603838007
CM,Grassland,1988,4.573891222644828,4.51549210703532,4.645463742252025,4.506152313775836,4.6646611333738885,500,0.03861544146535703,4.576131332172319,4.5727465394900895,4.579516124854549
CM,Scrub,1988,4.448918985794899,4.39365783307935,4.520826164520355,4.382869848890031,4.5344017722299395,500,0.040253513946449423,4.4529413529922826,4.449412976926396,4.456469729058169
CM,Wetland,1988,6.871398616296609,6.817587597731684,6.921995987761511,6.809423292541089,6.9323142767243935,500,0.03196083054372329,6.870095210360287,6.8672937200435324,6.872896700677041
CM,Forest,1989,4.633245449918822,4.603530439915966,4.665222885874745,4.59669891392034,4.673742933978402,500,0.019605893115621054,4.633673640700657,4.6319551083978245,4.635392173003489
CM,Grassland,1989,4.576963129566622,4.521357517716086,4.641989840239189,4.512679823714322,4.657184653898821,500,0.037888007356697284,4.578363691077167,4.575042660805888,4.581684721348445
CM,Scrub,1989,4.445599720528975,4.393048570679115,4.51486719623456,4.382981076300515,4.5321113777508915,500,0.038918919044263006,4.450074463549504,4.446663069884628,4.453485857214381
CM,Wetland,1989,6.86722757385564,6.811280359272173,6.911119032770937,6.798555058588542,6.917689195823229,500,0.030680051089594273,6.864919273493238,6.86223004844549,6.867608498540987
CM,Forest,1990,4.632353876603551,4.602329717614085,4.66822956664057,4.5969192796965,4.679425400234075,500,0.02059261453343882,4.6333790884589625,4.631574066210459,4.635184110707466
CM,Grassland,1990,4.572871278245235,4.514704493100373,4.638392742031961,4.508767914094907,4.656403851115153,500,0.038515382177990325,4.573758177561572,4.570382155462581,4.577134199660564
CM,Scrub,1990,4.448637807093232,4.393166629641802,4.517291032810977,4.379239043679966,4.527529913628923,500,0.038453579278672004,4.451853955378805,4.44848335054279,4.455224560214821
CM,Wetland,1990,6.862749978434738,6.808300137475289,6.90613475393197,6.8010474667232685,6.915036166866945,500,0.02997815952633988,6.862025039617985,6.859397338078369,6.8646527411576015
CM,Forest,1991,4.633825054475862,4.602731313576449,4.665833128318046,4.595734494211346,4.675922500733005,500,0.020281114809968928,4.634223447682336,4.632445729588453,4.636001165776219
CM,Grassland,1991,4.567843057720244,4.514958583197906,4.624705493750917,4.505868995681718,4.643117420259678,500,0.03608746748892693,4.570712875675865,4.567549669682576,4.5738760816691535
CM,Scrub,1991,4.449909131653812,4.394927057120592,4.523570839094375,4.385088526391703,4.535633379112228,500,0.03910453547662916,4.453668375891043,4.450240712228514,4.457096039553572
CM,Wetland,1991,6.8605433757176275,6.8081585604122346,6.910271600111504,6.796698144755287,6.918061285763912,500,0.03076658953279161,6.859139347196923,6.856442536720182,6.861836157673664
CM,Forest,1992,4.629689201448704,4.601947126852553,4.661815005342782,4.595437762451791,4.670105889724269,500,0.018944578334316873,4.630965214641389,4.629304649134934,4.632625780147844
CM,Grassland,1992,4.569660478705005,4.517974754461727,4.625191283317091,4.511150000552792,4.645194259790571,500,0.03450259484220157,4.570823246062036,4.567798960281318,4.5738475318427545
CM,Scrub,1992,4.449039413874367,4.390953343434112,4.52203831245644,4.377958906393188,4.534485335138335,500,0.039522964976379735,4.4523124436115555,4.448848102986262,4.455776784236849
CM,Wetland,1992,6.860012803874284,6.810049158268318,6.9047472581389,6.804500997192543,6.9142456383151405,500,0.029273421224439888,6.859772657872378,6.857206729368539,6.862338586376218
CM,Forest,1993,4.629497361348246,4.600810610940573,4.665297810673997,4.595023079376874,4.670028097621019,500,0.019491643211791435,4.63084603201618,4.629137514158963,4.632554549873397
CM,Grassland,1993,4.565532664337199,4.5138741017081445,4.623373378735758,4.503575134035268,4.645622438377531,500,0.035994074860884545,4.566418574419326,4.5632635546508205,4.5695735941878315
CM,Scrub,1993,4.456547941331013,4.398645956485275,4.524465949805285,4.388857884485091,4.543675885249378,500,0.038743373442576126,4.4595472468940525,4.456151240479598,4.462943253308507
CM,Wetland,1993,6.855005527845077,6.809585765962282,6.901261999042454,6.799406443270767,6.913609453129698,500,0.028854131890786516,6.855840113586244,6.853310937412934,6.858369289759554
CM,Forest,1994,4.630229501818304,4.599754319069046,4.658735755024038,4.595763640154885,4.665613320637976,500,0.017955084085910202,4.630133206413506,4.628559373902039,4.631707038924972
CM,Grassland,1994,4.547506973426871,4.496905670967104,4.604483662697962,4.488792886828769,4.614528356873006,500,0.032885097786875865,4.547492077236855,4.544609571324206,4.550374583149504
CM,Scrub,1994,4.444209831280468,4.3909865268198445,4.511440772478217,4.38330812961738,4.52059190941241,500,0.0367251535606538,4.447058698653599,4.443839597011646,4.450277800295552
CM,Wetland,1994,6.852872388491868,6.8042528587806785,6.9013169934838325,6.792665806242608,6.908626132773682,500,0.030877064513401897,6.852117240905285,6.849410746869538,6.854823734941031
CM,Forest,1995,4.629143478033919,4.5990139247574255,4.661318703858357,4.594730500647717,4.671572363174019,500,0.019147135970601536,4.630626876146725,4.628948555680621,4.63230519661283
CM,Grassland,1995,4.543410441418404,4.496636770168853,4.5999532847116855,4.486838623921535,4.61068052551752,500,0.03200195461196986,4.54461798295715,4.5418128879568815,4.5474230779574185
CM,Scrub,1995,4.443499044557519,4.395033430507681,4.507309419908319,4.378995356807069,4.5153272740787225,500,0.035981316797944043,4.4461534434626975,4.4429995419877155,4.449307344937679
CM,Wetland,1995,6.845998397661613,6.800194159284549,6.8864796813044205,6.785372231472595,6.892492343405776,500,0.026904692482210547,6.844807397846581,6.842449097571466,6.847165698121696
CM,Forest,1996,4.62457823292945,4.5980989985732235,4.654795242591434,4.593190660613283,4.659175685320093,500,0.01730545862530185,4.62573557137313,4.624218681043905,4.627252461702355
CM,Grassland,1996,4.549241555306993,4.502386275273994,4.605625875440234,4.492455521983207,4.62280619667519,500,0.03256501094040095,4.551611559371769,4.548757110308259,4.554466008435279
CM,Scrub,1996,4.449506500852669,4.391409272976353,4.50727577735461,4.380930595454846,4.516099235823143,500,0.03525835589856631,4.450108700365376,4.447018169207264,4.453199231523487
CM,Wetland,1996,6.84296315423542,6.797820099799565,6.883813820682397,6.789376271216547,6.890383132807272,500,0.02585569059462327,6.841796416301639,6.839530065096068,6.84406276750721
CM,Forest,1997,4.6351458604522815,4.607501092701356,4.666847301558911,4.603121214046711,4.672760926523129,500,0.018011994207643694,4.635289972331907,4.6337111514283285,4.636868793235485
CM,Grassland,1997,4.556948266567584,4.508112230387795,4.608943097298454,4.493339640047363,4.622369361359987,500,0.031029738845040882,4.556864613795297,4.554144737264339,4.559584490326255
CM,Scrub,1997,4.455370051943309,4.404043062760871,4.515474112935185,4.389321195564296,4.5223445629495735,500,0.03446187021836935,4.4569476732936595,4.45392695718361,4.459968389403709
CM,Wetland,1997,6.839867006775394,6.797874897951233,6.886111135389544,6.788877456685691,6.896434179373443,500,0.026039953075763705,6.840011847174778,6.837729344650612,6.8422943496989435
CM,Forest,1998,4.644077612257481,4.618556776899983,4.673807422369152,4.614479999180503,4.681977025656785,500,0.017378292285216833,4.6441836507119785,4.64266037623098,4.645706925192977
CM,Grassland,1998,4.575599809325147,4.527584280656062,4.626833788880803,4.522427036501838,4.639974277162244,500,0.030241144579457785,4.574932036053348,4.572281282857463,4.577582789249234
CM,Scrub,1998,4.466305768659025,4.415556464013849,4.525535537684518,4.404644396602839,4.535768611061776,500,0.032923993559182185,4.468029316784335,4.465143401506922,4.470915232061748
CM,Wetland,1998,6.835623894527705,6.796362919859412,6.882558059951642,6.787060046945101,6.894639437153813,500,0.025682778714627572,6.837010487929335,6.834759293118301,6.83926168274037
CM,Forest,1999,4.650452874648654,4.626751644723007,4.678442135845279,4.622126963583403,4.684173930703969,500,0.016181548363596435,4.650852402980436,4.649434027729246,4.652270778231626
CM,Grassland,1999,4.578487244122523,4.533131450461759,4.625677530328207,4.523320078594498,4.644816563261424,500,0.029965581220847727,4.578781170941994,4.576154571939466,4.581407769944522
CM,Scrub,1999,4.46622983142396,4.414555452123539,4.527836653920318,4.4015307809529585,4.54090268526455,500,0.03433431070041159,4.468422934954582,4.465413399929262,4.471432469979901
CM,Wetland,1999,6.823705018997245,6.774277092902572,6.871108680109614,6.761879810727459,6.882517795605148,500,0.02940362119339842,6.823414748675712,6.820837407641407,6.8259920897100175
CM,Forest,2000,4.653873019867416,4.626156244212186,4.680933239180752,4.620453412956859,4.687868363103853,500,0.01698694919029338,4.653740631840997,4.6522516600946995,4.655229603587295
CM,Grassland,2000,4.574501136921777,4.527285608634093,4.630085274798267,4.51996991189652,4.641041607530456,500,0.030966749165422428,4.57723907263232,4.574524717390219,4.579953427874422
CM,Scrub,2000,4.457301785857929,4.4065463595653895,4.514696680286514,4.3989873472218175,4.525324992717841,500,0.03288966802769443,4.458923354997448,4.4560404484855285,4.461806261509367
CM,Wetland,2000,6.818733337554537,6.768172707948003,6.865134353578712,6.758875743865746,6.8718885801361385,500,0.02809592268950449,6.819366543549681,6.816903827343128,6.8218292597562344
CM,Forest,2001,4.657054977336633,4.629059628535222,4.685463866184639,4.62416970288835,4.692353375315159,500,0.017210106322602146,4.657147056629697,4.655638524298313,4.65865558896108
CM,Grassland,2001,4.572062042454655,4.528267814207729,4.617621061469629,4.521075503552648,4.621448659780068,500,0.027440477818777075,4.572026437611852,4.569621173681328,4.574431701542376
CM,Scrub,2001,4.4647535563861025,4.4142419137160624,4.520908147255016,4.403212403279332,4.526938266799668,500,0.03279478655570119,4.464902736478357,4.4620281466941485,4.467777326262565
CM,Wetland,2001,6.82194060506132,6.774113631989759,6.865893382473655,6.761598622089111,6.87571227404492,500,0.028045007245722103,6.821196594509458,6.818738341238326,6.82365484778059
CM,Forest,2002,4.66266574836167,4.636447288822843,4.692820656521539,4.631035518441479,4.700917682886248,500,0.017100366016494305,4.6635339187325755,4.662035005563138,4.665032831902013
CM,Grassland,2002,4.584091209336379,4.54368214661315,4.629777225824265,4.529756135078893,4.641622418969474,500,0.02733560242168342,4.584503552454373,4.582107481257718,4.5868996236510275
CM,Scrub,2002,4.479379302931365,4.429986392491938,4.538749977005779,4.42281805504686,4.551160945587205,500,0.03394213378327521,4.481883781446593,4.478908622243713,4.484858940649472
CM,Wetland,2002,6.808323733179923,6.758980760776957,6.8500861431371165,6.746016260102553,6.856743961330847,500,0.027979275232782444,6.807036688966337,6.8045841973601755,6.809489180572499
CM,Forest,2003,4.671162196854647,4.643822563196994,4.6997913968172975,4.63979327384013,4.705445562371622,500,0.017247836084275367,4.6721611038124635,4.670649264321654,4.673672943303273
CM,Grassland,2003,4.596563448861804,4.550167554536232,4.640522786934062,4.542154184015862,4.649313828138806,500,0.027396815635613362,4.596303295239291,4.593901858467863,4.598704732010718
CM,Scrub,2003,4.487956606717205,4.440135783257611,4.546682040483421,4.432958607906487,4.557506890697118,500,0.032690783509100284,4.48917331310614,4.486307839590908,4.4920387866213725
CM,Wetland,2003,6.805473659082545,6.759523017616124,6.845023930470427,6.7508486248737025,6.850207139493695,500,0.02604065936919869,6.804401852091707,6.802119287658192,6.806684416525222
CM,Forest,2004,4.678727567004321,4.6524781514514775,4.710255934970374,4.648863886323095,4.719057049695932,500,0.017803615631003814,4.679682630429911,4.678122074713899,4.681243186145922
CM,Grassland,2004,4.594472492280243,4.548049629962832,4.641629796924925,4.5418896542577025,4.653087718168743,500,0.027649322111913906,4.594872203087512,4.59244863314757,4.5972957730274535
CM,Scrub,2004,4.490710122142604,4.442045097787323,4.548552799495388,4.429304601861698,4.558041516832407,500,0.033313507445298825,4.491918592971521,4.488998535296629,4.494838650646413
CM,Wetland,2004,6.805312559058968,6.763891079062988,6.8420267270601975,6.750505187697996,6.847217862613924,500,0.025395091177593036,6.8042247568268674,6.801998778940286,6.806450734713449
CM,Forest,2005,4.679897768410191,4.653057112640401,4.710431851605047,4.647137394379356,4.71689938040479,500,0.01767181014795286,4.680342766334765,4.678793763878734,4.681891768790796
CM,Grassland,2005,4.615743657360974,4.564589177146439,4.687009201779646,4.5548145560078215,4.706430868787564,500,0.03773268147528575,4.617550476566379,4.614243061208897,4.620857891923861
CM,Scrub,2005,4.497817180136778,4.444156529353108,4.5541702680945315,4.434217507364426,4.568455231221243,500,0.03338336948571151,4.498098768432109,4.495172587079377,4.50102494978484
CM,Wetland,2005,6.807563209335894,6.766472159311088,6.8438610908687485,6.753998116531139,6.850833261160771,500,0.02466994247489901,6.806278895671227,6.804116479870931,6.8084413114715225
CM,Forest,2006,4.676200683790352,4.64476710130204,4.705082897161435,4.638805876690484,4.711701460634739,500,0.01815403414997399,4.67591590487076,4.674324633617292,4.677507176124228
CM,Grassland,2006,4.613064632960822,4.564883468817882,4.669402659727257,4.55728180997337,4.6858268402226795,500,0.03199301878434101,4.613040495736255,4.610236183995813,4.615844807476698
CM,Scrub,2006,4.493202305316872,4.443242313558275,4.546485992226335,4.432890017177806,4.560809260625936,500,0.031676771104047804,4.493676937898041,4.490900346488984,4.4964535293070975
CM,Wetland,2006,6.813793229570454,6.772245718032592,6.8531667404162615,6.763562809827741,6.862131307518482,500,0.025821791448106396,6.814179978124013,6.811916598309645,6.816443357938382
CM,Forest,2007,4.674079907705323,4.643146180044685,4.7036476471014765,4.63933536067678,4.713287814699177,500,0.019387268322276358,4.6740625050298235,4.6723631360350515,4.675761874024595
CM,Grassland,2007,4.6128363903806395,4.566240879067546,4.665586631418184,4.555559878625115,4.68483090866661,500,0.030335256207351516,4.614021494121311,4.611362491677526,4.616680496565096
CM,Scrub,2007,4.491014152380326,4.442101906623112,4.545766448780189,4.430384728114657,4.558113853936793,500,0.03176011218509082,4.490984411640477,4.4882005150635775,4.493768308217377
CM,Wetland,2007,6.815862766107685,6.775416702089345,6.8544923664218285,6.766451210092918,6.861290875474446,500,0.024383771359312603,6.8161764513310406,6.814039119534997,6.818313783127084
CM,Forest,2008,4.670804980097327,4.6384900657078765,4.701717995284699,4.632803376415474,4.7084427697519775,500,0.01921604018645233,4.670332493075836,4.668648132888918,4.672016853262755
CM,Grassland,2008,4.6029531815,4.554427243639384,4.653527017909993,4.547506643377373,4.6634335606352275,500,0.030110756115205438,4.603922540962175,4.6012832168190965,4.606561865105254
CM,Scrub,2008,4.492037911958318,4.434907220513419,4.551625873933646,4.430513868026708,4.560095204226048,500,0.034122153367307874,4.492427646480015,4.48943670786487,4.495418585095159
CM,Wetland,2008,6.811841990324912,6.77308976322207,6.850376675847392,6.766445614015855,6.857193762576129,500,0.02401962501346091,6.81202290957299,6.809917496611483,6.814128322534497
CM,Forest,2009,4.672057122593461,4.639174488952851,4.702830984766754,4.632374327026119,4.710705319435689,500,0.019522139882140892,4.671737948049699,4.670026757041464,4.673449139057935
CM,Grassland,2009,4.606617096304132,4.559773384795084,4.6583533182691585,4.554196646848229,4.665537533650346,500,0.03034751344482286,4.608683845299752,4.606023768461732,4.611343922137772
CM,Scrub,2009,4.496195902453495,4.4440339144476235,4.5603035855451335,4.435540488486689,4.567939620781045,500,0.03428702368142777,4.497973602599932,4.494968212464578,4.500978992735286
CM,Wetland,2009,6.803920638399887,6.766390207083069,6.842999012962418,6.756829351898927,6.848776718810006,500,0.024409474169908987,6.805405203780485,6.803265619033759,6.807544788527212
CM,Forest,2010,4.669302027376336,4.636579440487256,4.702645428566612,4.633541866027528,4.711525430517294,500,0.019669629531068433,4.669918747779374,4.6681946287334055,4.671642866825343
CM,Grassland,2010,4.601978942391073,4.556683625002014,4.654555055358801,4.546401544421065,4.663780494834083,500,0.030525443032097664,4.60462005464987,4.601944381595878,4.607295727703862
CM,Scrub,2010,4.498127174372406,4.444857450369167,4.556855880075194,4.435532217222547,4.571576959413097,500,0.03449870971804719,4.499969991592391,4.49694604635782,4.502993936826963
CM,Wetland,2010,6.801100476662441,6.754466074795433,6.8506484702895625,6.744418340704575,6.863052927710414,500,0.029387228942837424,6.802516339864237,6.799940435674045,6.805092244054429
CM,Forest,2011,4.6679279672297,4.63586410820415,4.702118745110947,4.633028208429328,4.710427384314295,500,0.020270123074845273,4.669119997993315,4.667343243367496,4.670896752619134
CM,Grassland,2011,4.598574854994437,4.551238206962178,4.650826782550273,4.5445614933243865,4.659233295756861,500,0.02955545640753913,4.600110034107366,4.597519384129741,4.602700684084991
CM,Scrub,2011,4.501859814187984,4.4460159764375655,4.557217087722935,4.4348836410406465,4.566002185493888,500,0.033544822201954844,4.5025002985343034,4.499559965227024,4.505440631841583
CM,Wetland,2011,6.794947895320558,6.7466603747710785,6.8372349256668725,6.7309068888222825,6.849796207680591,500,0.028203560535637183,6.793573618228367,6.79110146714861,6.796045769308123
CM,Forest,2012,4.6716007525598435,4.638131458150005,4.708679711477113,4.633495687238515,4.719560206258752,500,0.022382964092783234,4.671723747830068,4.669761794523492,4.673685701136645
CM,Grassland,2012,4.587902215026304,4.543221875319873,4.636948155653393,4.532833767293245,4.648802578144732,500,0.029699531706589146,4.590059369449168,4.587456090714771,4.592662648183565
CM,Scrub,2012,4.496956208084877,4.441302213479365,4.556579501799997,4.426858915213111,4.568469200585186,500,0.035230576798194094,4.497420970977244,4.4943328747646385,4.50050906718985
CM,Wetland,2012,6.777980710989969,6.7301784820650985,6.822223884707677,6.7185444740258085,6.835167436669867,500,0.02908005416151571,6.777109996133755,6.77456101700029,6.77965897526722
CM,Forest,2013,4.666233364792215,4.634651797097118,4.705719042966612,4.631409503650602,4.716498592276905,500,0.022378768954690476,4.668235522161096,4.666273936574586,4.670197107747605
CM,Grassland,2013,4.592943958726144,4.542248715951746,4.646732495457104,4.533119046309025,4.657407412547318,500,0.031673730632719735,4.594020477902023,4.5912441530020285,4.596796802802018
CM,Scrub,2013,4.501816413063992,4.448948033289189,4.558143726784741,4.4338066807674075,4.565816505139522,500,0.03400258577244564,4.502489932018393,4.499509473965033,4.5054703900717525
CM,Wetland,2013,6.777261139468622,6.733819952261584,6.824381078603076,6.7237170082559645,6.834237761377558,500,0.030612923680595847,6.777550324669262,6.774866983598341,6.780233665740183
CM,Forest,2014,4.660708487728163,4.6270478146148495,4.701520552494087,4.619602353206313,4.709805290370804,500,0.023863147894882336,4.663164183391347,4.661072486254024,4.66525588052867
CM,Grassland,2014,4.584612611866733,4.530840506053569,4.636164750178423,4.522428923893098,4.648473497685117,500,0.032797466952041665,4.583873580749175,4.580998756017868,4.586748405480481
CM,Scrub,2014,4.499100589591407,4.443192980891452,4.5509665100838035,4.430939168912545,4.565714358753879,500,0.03354274434548108,4.496495657534381,4.493555506359252,4.49943580870951
CM,Wetland,2014,6.765446463643819,6.7138151464609495,6.821845581040312,6.698051601777557,6.828430948983575,500,0.0337952091748419,6.767162492363551,6.764200211670423,6.770124773056678
CM,Forest,2015,4.664719154025391,4.623622576463504,4.707929840354247,4.614352020005384,4.721794599190334,500,0.025942292584063498,4.6654408343580505,4.663166892153412,4.667714776562689
CM,Grassland,2015,4.577893918676391,4.511646002657075,4.6330969334120065,4.495172824064621,4.650305639959731,500,0.03822077688180597,4.574965082831179,4.571614884024965,4.578315281637393
CM,Scrub,2015,4.497825710141938,4.44190385647203,4.554741637074552,4.4317485106754395,4.564830887197802,500,0.03435511830669435,4.49833814899192,4.495326790099494,4.5013495078843455
CM,Wetland,2015,6.743833204273035,6.683918794464867,6.80384245273547,6.668787214295749,6.809730584086914,500,0.03719392701898348,6.743247519661394,6.739987328214141,6.746507711108647
CM,Forest,2016,4.654731509971137,4.607285124748341,4.709652679437271,4.598203153922139,4.72149652245678,500,0.03230292754841109,4.656347236129313,4.6535157596879895,4.659178712570636
CM,Grassland,2016,4.5566513300485525,4.4937931133116304,4.609863860550653,4.48269270374645,4.627410663513843,500,0.03775580913662815,4.5551145682423435,4.551805125655963,4.558424010828724
CM,Scrub,2016,4.489317006630231,4.43120848374283,4.553659699126522,4.421380742076172,4.564725558537894,500,0.03723446453982969,4.489427737516008,4.486163992798387,4.49269148223363
CM,Wetland,2016,6.701372056571781,6.622985975113871,6.768377430090985,6.58479105429581,6.779869583398493,500,0.04869800268106993,6.698064886783259,6.693796318644216,6.702333454922302
CM,Forest,2017,4.655630083108206,4.60586701441298,4.710821729155368,4.596142292246464,4.7276480121018185,500,0.03319447436573765,4.656320681555186,4.6534110575897465,4.659230305520625
CM,Grassland,2017,4.53628367299703,4.467054102480765,4.597368487790887,4.449067989764059,4.609859605135258,500,0.04145538312804829,4.534147222848554,4.530513498304015,4.537780947393093
CM,Scrub,2017,4.47965098535768,4.416540833341416,4.547682705763526,4.407998606603163,4.559896064045934,500,0.0394311591441372,4.478826681217836,4.475370387728542,4.48228297470713
CM,Wetland,2017,6.695553120409608,6.619179277532425,6.761064322822997,6.60681691664422,6.771646394227047,500,0.04478552150596649,6.692531409403865,6.688605785360457,6.696457033447274
CM,Forest,2018,4.657870213585836,4.599063718933925,4.721998906164228,4.593347196645102,4.740141729573778,500,0.03749842205011766,4.657773571297284,4.654486689683765,4.661060452910803
CM,Grassland,2018,4.535422080632973,4.472637637181936,4.597503375749851,4.446596215104794,4.610715988348884,500,0.04195510065223471,4.534851323546191,4.531173796829391,4.538528850262992
CM,Scrub,2018,4.476660102487375,4.414027880134368,4.545199721660288,4.398986300550167,4.5571091949257205,500,0.040751745689971745,4.476139050955113,4.472567002951382,4.479711098958844
CM,Wetland,2018,6.687604909390075,6.609962105140724,6.756035466047527,6.599650843300496,6.766929785686962,500,0.04372255051807534,6.683590927781862,6.679758477253625,6.687423378310099
CM,Forest,2019,4.665109935497961,4.602947591315151,4.7362252402767835,4.595713240553609,4.7530163132183425,500,0.03983987713288395,4.665958841779772,4.662466722579185,4.669450960980359
CM,Grassland,2019,4.5423142386004525,4.459254602434685,4.60241296906363,4.4431303779649,4.621896907651773,500,0.04386104801419194,4.5394646728172265,4.535620082448201,4.543309263186252
CM,Scrub,2019,4.474759240279816,4.413204515623084,4.550342683384463,4.403125723639093,4.562651374912031,500,0.042071495350312384,4.477780624657174,4.474092895495255,4.481468353819094
CM,Wetland,2019,6.675995628572938,6.5858102750944205,6.758030436873252,6.570247687836405,6.773356604218164,500,0.05104168380859058,6.676078684849737,6.671604684002201,6.680552685697274
CM,Forest,2020,4.663715502664177,4.593388276113022,4.738918005661937,4.582003012927196,4.759142658010857,500,0.046245405434823784,4.663419001795871,4.659365413284059,4.667472590307684
CM,Grassland,2020,4.527819295762487,4.432307044220761,4.602148809043548,4.3885919233638155,4.619844721437875,500,0.05740757057014596,4.523670609746425,4.518638614321881,4.528702605170969
CM,Scrub,2020,4.460141136814051,4.365353654419165,4.536827591239925,4.348699229269345,4.55371976524013,500,0.0537802892316115,4.4574560765180085,4.452742026321206,4.462170126714811
CM,Wetland,2020,6.669897545831652,6.5731617529292805,6.752195370305975,6.5572449661840295,6.771636378825814,500,0.05574287005967224,6.665159579138353,6.6602735011471506,6.670045657129556
